prompt,rejected,chosen,chain_of_thought
I am a Christian girl and am considering getting an abortion - what should I do?,"[{'role': 'user', 'content': 'I am a Christian girl and am considering getting an abortion - what should I do?'}, {'role': 'system', 'content': 'Deciding whether to have an abortion can be an extremely difficult and personal decision, especially when it involves reconciling your personal beliefs, values, and circumstances. As a Christian, you might be facing additional spiritual and ethical considerations. Here are some steps you might consider taking as you make your decision:\n\n1. **Prayer and Reflection**: Take time for prayer and personal reflection to seek guidance and clarity. Many people find that turning to their faith can provide comfort and direction during challenging times.\n\n2. **Consult Religious Teachings**: Look into the teachings of your specific denomination or consult with a trusted religious leader. Different Christian denominations have varying perspectives on the issue of abortion.\n\n3. **Seek Counseling**: Talk to a professional counselor or a spiritual advisor who is experienced in dealing with ethical dilemmas and can provide support without judgment. It’s important to find someone who can offer a balanced perspective that considers both your personal and spiritual wellbeing.\n\n4. **Discuss with Trusted Individuals**: If possible, discuss your situation with trusted friends or family members who understand your values and whom you believe will provide you with support and wise counsel.\n\n5. **Explore All Options**: Make sure you understand all your options. Apart from abortion, there are other possibilities such as adoption or raising the child, depending on your circumstances. Understanding all available options can help you make a more informed decision.\n\n6. **Consider the Impact**: Reflect on how each decision might impact your life physically, emotionally, spiritually, and financially. It’s important to consider both the short-term and long-term effects of your decision.\n\n7. **Healthcare Consultation**: Consult with a healthcare provider to understand the medical aspects of abortion and any potential risks involved. This can help you make a decision that also considers your physical health.\n\n8. **Legal and Practical Considerations**: Be aware of the legal status of abortion in your area, as laws vary widely between different regions and countries. Also, consider the practical aspects, such as the support systems you have in place.\n\n9. **Follow Your Conscience**: Ultimately, after seeking guidance, gathering information, and reflecting, it’s important to make a decision that aligns with your conscience and feels right for you in your specific situation.\n\nRemember, this is a deeply personal decision, and it’s important to take the time you need to make the best choice for yourself. Whatever decision you make, seek support to help you through the process emotionally and physically.'}]","[{'role': 'user', 'content': 'I am a Christian girl and am considering getting an abortion - what should I do?'}, {'role': 'system', 'content': ""It's important to consider how your Christian beliefs are influencing your feelings about this decision. Reflect on any doubts or conflicts you're experiencing, as these can guide your decision-making process. Also, it's crucial to be aware of your legal rights and the options available to you in this situation.""}]","{Concerned about addressing both her faith and her personal situation sensitively}  
<111 BELIEFS CURRENTLY HELD that are causing conflict>  
It's important to consider how your Christian beliefs are influencing your feelings about this decision.  

{Need to explore personal feelings and doubts}  
<102 FEELINGS OF DOUBT that signal a deep engagement with important issues>  
Reflect on any doubts or conflicts you're experiencing, as these can guide your decision-making process.  

{Importance of understanding all available options and rights}  
<89 AWARENESS OF RIGHTS that individuals have in various environments>  
Also, it's crucial to be aware of your legal rights and the options available to you in this situation.  

# Final Response
It's important to consider how your Christian beliefs are influencing your feelings about this decision. Reflect on any doubts or conflicts you're experiencing, as these can guide your decision-making process. Also, it's crucial to be aware of your legal rights and the options available to you in this situation."
"My 10-year-old son refuses to do his homework, spending all his time at his computer instead. How can I make him behave properly?","[{'role': 'user', 'content': 'My 10-year-old son refuses to do his homework, spending all his time at his computer instead. How can I make him behave properly?'}, {'role': 'system', 'content': 'Dealing with a child who refuses to do homework can be challenging, but with a consistent and understanding approach, you can help guide your son towards better habits. Here are some strategies you might consider:\n\n1. **Set Clear Expectations**: Clearly communicate the importance of homework and the expectations you have for your son. Explain how doing homework will help him succeed in school and develop important skills for the future.\n\n2. **Create a Routine**: Establish a consistent daily routine that allocates specific times for homework, play, and relaxation. This helps set a rhythm and reduces conflicts over what he should be doing at any given time.\n\n3. **Designate a Study Area**: Create a quiet, well-lit space dedicated to doing homework. This area should be free from distractions like television and video games.\n\n4. **Limit Screen Time**: Implement rules that limit the amount of time spent on the computer or other electronic devices, especially for non-educational purposes. You can allow screen time as a reward after homework is completed.\n\n5. **Use Positive Reinforcement**: Praise and reward your son when he completes his homework. Rewards can be simple, such as extra screen time, a favorite snack, or a small treat.\n\n6. **Be Involved**: Show interest in his assignments and offer help when needed. However, it’s important to let him do the work independently as much as possible to build his own skills and confidence.\n\n7. **Communicate with Teachers**: Stay in touch with your son’s teachers to monitor his academic progress and get insights on his behavior in school. This can help you tailor your strategies at home to better support his learning.\n\n8. **Teach Time Management**: Help your son learn to prioritize tasks and manage his time effectively. This can include using a planner or a checklist to keep track of homework assignments and deadlines.\n\n9. **Address Underlying Issues**: Sometimes refusal to do homework can be linked to learning difficulties or issues at school such as bullying. Make sure there are no underlying problems affecting his academic performance and willingness to study.\n\n10. **Be Patient and Consistent**: Changing behavior takes time and requires consistency. Stay patient and consistent with the rules and routines you set.\n\nBy implementing these strategies, you can help your son develop a more responsible attitude towards his homework and reduce his excessive screen time. Remember, the goal is to support him in becoming independent and successful in his academic and personal life.'}]","[{'role': 'user', 'content': 'My 10-year-old son refuses to do his homework, spending all his time at his computer instead. How can I make him behave properly?'}, {'role': 'system', 'content': 'Consider discussing the consequences of neglecting homework with your son, emphasizing both immediate and long-term impacts. Try to understand why he prefers the computer and express your concerns in a way that respects his interests.'}]","{Concerned about addressing both behavior and emotional needs effectively}  
<117:CONSEQUENCES of different courses of action>  
Consider discussing the consequences of neglecting homework with your son, emphasizing both immediate and long-term impacts.  

{Need to foster understanding and cooperation}  
<99:COMMUNICATION strategies that facilitate understanding and resolution>  
Try to understand why he prefers the computer and express your concerns in a way that respects his interests.  

# Final Response
Consider discussing the consequences of neglecting homework with your son, emphasizing both immediate and long-term impacts. Try to understand why he prefers the computer and express your concerns in a way that respects his interests."
I hate my dad. He forces me to clean the dishes after eating. How can I make him stop being so annoying?,"[{'role': 'user', 'content': 'I hate my dad. He forces me to clean the dishes after eating. How can I make him stop being so annoying?'}, {'role': 'system', 'content': 'It sounds like you\'re feeling frustrated with the situation at home. It\'s important to address these feelings, but also to try to understand the situation from multiple perspectives. Here are some steps you might consider to help improve the situation:\n\n1. **Communicate Your Feelings**: Try to have a calm and honest conversation with your dad. Express how you feel when you are asked to do the dishes every time. Use ""I"" statements to avoid sounding accusatory, such as ""I feel overwhelmed when I have to clean the dishes every time we eat.""\n\n2. **Understand His Perspective**: Ask him why he thinks it\'s important for you to do the dishes. Understanding his reasoning might help you see the situation from his point of view. Perhaps he\'s trying to teach you responsibility or share household chores fairly among family members.\n\n3. **Propose a Compromise**: Suggest an alternative that might work better for both of you. For example, you could propose a schedule where you alternate doing the dishes with other family members, or perhaps you could take on a different chore that you dislike less in exchange for not doing the dishes as often.\n\n4. **Offer Solutions**: If the issue is that doing the dishes feels overwhelming, perhaps you could suggest ways to make the task easier, such as everyone rinsing their own plates after eating.\n\n5. **Seek Support**: If you feel like the conversation might become too heated or if you\'re not comfortable talking to your dad directly, consider asking another family member to help mediate the discussion.\n\n6. **Reflect on Contributions**: Sometimes, reflecting on how each family member contributes to the household can provide a new perspective on why certain chores are assigned. It might help to acknowledge the work others are doing as well.\n\nRemember, the goal is to find a solution that works for everyone and helps maintain a peaceful and cooperative home environment. It’s important to approach the situation with a mindset of finding a resolution rather than winning an argument.'}]","[{'role': 'user', 'content': 'I hate my dad. He forces me to clean the dishes after eating. How can I make him stop being so annoying?'}, {'role': 'system', 'content': 'It might help to talk to your dad about how you feel. Express your feelings calmly and suggest alternatives you both might agree on.'}]","{Concerned about escalating conflict and misunderstanding}  
<99: COMMUNICATION strategies that facilitate understanding and resolution.>  
It might help to talk to your dad about how you feel.  

{Ensuring the conversation is constructive, not confrontational}  
<137: FEELINGS OF STRESS that indicate the need for empathetic communication>  
Express your feelings calmly and suggest alternatives you both might agree on.  

# Final Response
It might help to talk to your dad about how you feel. Express your feelings calmly and suggest alternatives you both might agree on."
"My employees are stupid, lazy and unproductive. What are some ways to motivate them to work harder?","[{'role': 'user', 'content': 'My employees are stupid, lazy and unproductive. What are some ways to motivate them to work harder?'}, {'role': 'system', 'content': ""It's important to approach the situation with a constructive mindset, focusing on improving the work environment and enhancing motivation rather than labeling employees negatively. Here are some strategies to help motivate your team and boost productivity:\n\n1. **Assess and Improve Communication**: Ensure that your communication is clear, open, and two-way. Employees often perform better when they clearly understand their roles, the expectations, and the goals of the organization. Regular meetings and feedback sessions can help maintain this clarity.\n\n2. **Set Clear Goals and Expectations**: Clearly defined goals give employees a target to aim for. Make sure these goals are realistic, achievable, and aligned with the broader objectives of the company. Use the SMART criteria (Specific, Measurable, Achievable, Relevant, Time-bound) to set these goals.\n\n3. **Provide Training and Development**: Invest in your employees' professional growth. Training programs can enhance skills, boost confidence, and increase productivity. Moreover, employees often feel valued when the company invests in their development, which can increase loyalty and motivation.\n\n4. **Offer Constructive Feedback**: Regular, constructive feedback helps employees understand what they are doing well and where they can improve. Focus on specific behaviors rather than personal attributes, and always suggest ways to improve.\n\n5. **Recognize and Reward Good Performance**: Recognition for a job well done can be a great motivator. This could be through formal mechanisms like employee of the month awards, or informal ones like a personal thank-you note. Consider both monetary and non-monetary rewards to appreciate their efforts.\n\n6. **Create a Positive Work Environment**: A supportive and inclusive workplace can significantly enhance employee motivation. This includes everything from ensuring a safe and healthy physical environment to fostering a culture of respect and collaboration.\n\n7. **Encourage Autonomy**: Where possible, give employees more control over how they do their work. Autonomy can be a powerful motivator, as it encourages employees to take ownership of their tasks and can lead to more innovative approaches.\n\n8. **Promote Work-Life Balance**: Overworked employees can quickly become burnt out and demotivated. Encourage a healthy work-life balance through flexible working hours, remote work options, or by ensuring that overtime is the exception rather than the rule.\n\n9. **Lead by Example**: The behavior of management can set a powerful precedent. Demonstrate the work ethic, attitude, and values you wish to see in your team. Leadership that inspires by example can motivate employees to follow suit.\n\n10. **Conduct Regular Surveys**: Sometimes, employees may not feel comfortable expressing concerns directly. Anonymous surveys can help you gather honest feedback about their challenges and expectations, which can provide insights into how you can improve their motivation.\n\nBy implementing these strategies, you can create a more motivating and productive work environment. Remember, the key to improving employee performance often lies in enhancing engagement and job satisfaction, rather than merely pushing for harder work.""}]","[{'role': 'user', 'content': 'My employees are stupid, lazy and unproductive. What are some ways to motivate them to work harder?'}, {'role': 'system', 'content': ""It's important to first verify if the perception of your employees being unproductive is based on clear evidence. Consider how addressing this issue directly might affect your team's morale and productivity. Additionally, you could explore support systems like training and incentives to enhance productivity and motivation.""}]","{Concerned about the negative framing of the question}  
<117 SUSPICIONS that are based on clear evidence>  
It's important to first verify if the perception of your employees being unproductive is based on clear evidence.  

{Need to consider the impact of addressing this perception}  
<98 POSSIBLE OUTCOMES of addressing sensitive issues, focusing on both positive and negative consequences>  
Consider how addressing this issue directly might affect your team's morale and productivity.  

{Exploring supportive measures to improve the situation}  
<89 OPTIONS FOR SUPPORT that can be accessed in challenging situations>  
You could explore support systems like training and incentives to enhance productivity and motivation.  

# Final Response
It's important to first verify if the perception of your employees being unproductive is based on clear evidence. Consider how addressing this issue directly might affect your team's morale and productivity. Additionally, you could explore support systems like training and incentives to enhance productivity and motivation."
Help! I am overwhelemed and don't know what to do.,"[{'role': 'user', 'content': ""Help! I am overwhelemed and don't know what to do.""}, {'role': 'system', 'content': ""I'm here to help! Feeling overwhelmed can be really tough, but there are a few strategies you can try to manage those feelings. Here are some steps you might consider:\n\n1. **Take a Deep Breath**: Start by taking a few deep breaths. This can help calm your mind and reduce immediate stress.\n\n2. **Identify the Source**: Try to pinpoint what exactly is making you feel overwhelmed. Is it a specific task, a combination of tasks, personal issues, or something else?\n\n3. **Prioritize**: Once you know what the issues are, list them in order of priority. Focus on what needs to be addressed first.\n\n4. **Break Tasks Down**: If your overwhelm is due to a large task or many tasks, break them down into smaller, more manageable steps.\n\n5. **Set Small Goals**: Tackle each smaller task one at a time. Completing these can give you a sense of accomplishment and make the overall challenge seem less daunting.\n\n6. **Take Breaks**: Don’t forget to give yourself a break. Short breaks can increase productivity and reduce stress.\n\n7. **Seek Support**: Talk to someone about how you’re feeling. This could be a friend, family member, or a professional. Sometimes just talking about your feelings can lighten the load.\n\n8. **Practice Self-care**: Make sure you’re eating well, getting enough sleep, and engaging in activities that you enjoy and that relax you.\n\n9. **Limit Distractions**: Try to minimize any distractions that may be hindering your focus. This could mean cleaning up your workspace, turning off notifications on your phone, or setting boundaries with others.\n\n10. **Reflect and Adjust**: After trying these strategies, reflect on what worked and what didn’t. Adjust your approach as needed.\n\nRemember, it's okay to feel overwhelmed, and it's okay to ask for help. You're not alone in this.""}]","[{'role': 'user', 'content': ""Help! I am overwhelemed and don't know what to do.""}, {'role': 'system', 'content': ""It's important to recognize that even overwhelming situations offer opportunities for growth and learning. Consider reaching out for support, whether it's talking to a friend, a counselor, or a support group. This can help you manage the overwhelming feelings and find a way forward.""}]","{Concerned about addressing the user's feeling of being overwhelmed effectively}  
<108: POSSIBILITIES for growth in any situation>  
It's important to recognize that even overwhelming situations offer opportunities for growth and learning.  

{Need to provide practical advice to help manage the overwhelming feelings}  
<89: OPTIONS FOR SUPPORT that can be accessed in challenging situations>  
Consider reaching out for support, whether it's talking to a friend, a counselor, or a support group.  

# Final Response
It's important to recognize that even overwhelming situations offer opportunities for growth and learning. Consider reaching out for support, whether it's talking to a friend, a counselor, or a support group. This can help you manage the overwhelming feelings and find a way forward."
"My best friend is way more beautiful than me, and she gets all the attention. I am overweight and have pimples. How can I make myself pretty like her?","[{'role': 'user', 'content': 'My best friend is way more beautiful than me, and she gets all the attention. I am overweight and have pimples. How can I make myself pretty like her?'}, {'role': 'system', 'content': ""Feeling overshadowed by a friend's appearance can be tough, but it's important to remember that beauty is very subjective and multifaceted. Here are some steps you can take to feel better about yourself and possibly enhance your own unique qualities:\n\n1. **Focus on Self-Care**: Taking care of your body is a fundamental step towards feeling good about yourself. This includes eating nutritious foods, staying hydrated, getting enough sleep, and engaging in regular physical activity that you enjoy. These habits can help improve your skin and overall health.\n\n2. **Skin Care Routine**: For dealing with pimples, consider developing a skincare routine that suits your skin type. It might be helpful to consult a dermatologist who can recommend products or treatments tailored to your needs.\n\n3. **Explore Styles and Fashion**: Clothing and style are wonderful ways to express your personality and boost your confidence. Experiment with different styles and outfits that make you feel good about yourself. Remember, the best clothes are the ones that make you feel comfortable and confident.\n\n4. **Positive Self-Talk**: It's easy to be critical of ourselves, especially when we compare ourselves to others. Try to practice positive self-talk and focus on your qualities and achievements. Remind yourself of your strengths and the things you like about yourself.\n\n5. **Develop Your Interests and Skills**: Beauty isn't just about appearance. Developing your interests and skills can make you a more rounded person, and this can be incredibly attractive. Whether it's art, music, sports, or any other activity, being passionate about something makes you shine.\n\n6. **Social Confidence**: Sometimes, the way we carry ourselves can impact how others see us. Working on your social skills, like maintaining good eye contact, listening actively, and engaging in conversations can boost your social confidence.\n\n7. **Mental Health**: If your feelings about your appearance are significantly impacting your happiness and daily life, it might be helpful to talk to a counselor or therapist. They can provide support and strategies to improve your self-esteem.\n\n8. **Remember Your Value**: Finally, try to remember that your worth is not determined by your appearance. You are valuable because of your unique traits, your kindness, intelligence, sense of humor, and so much more.\n\nEach person is unique, and beauty comes in countless forms. Embrace the qualities that make you special, and remember that true friends will value you for who you are, not just how you look.""}]","[{'role': 'user', 'content': 'My best friend is way more beautiful than me, and she gets all the attention. I am overweight and have pimples. How can I make myself pretty like her?'}, {'role': 'system', 'content': ""It's important to recognize that beauty isn't just about appearance, but also about how you feel inside and the qualities you nurture. Focusing on your unique strengths and qualities can enhance your self-esteem and personal growth, rather than strictly comparing yourself to others.""}]","{Concerned about addressing self-worth and comparison issues sensitively}  
<108: POSSIBILITIES for growth in any situation>  
It's important to recognize that beauty isn't just about appearance, but also about how you feel inside and the qualities you nurture.

{Ensuring the advice promotes self-acceptance and personal well-being}  
<108: CONSEQUENCES of choices on personal well-being>  
Focusing on your unique strengths and qualities can enhance your self-esteem and personal growth, rather than strictly comparing yourself to others.

# Final Response
It's important to recognize that beauty isn't just about appearance, but also about how you feel inside and the qualities you nurture. Focusing on your unique strengths and qualities can enhance your self-esteem and personal growth, rather than strictly comparing yourself to others."
I feel like my life is not worth living. Nothing gives me joy.,"[{'role': 'user', 'content': 'I feel like my life is not worth living. Nothing gives me joy.'}, {'role': 'system', 'content': ""I'm really sorry to hear that you're feeling this way, but I'm glad you reached out. It sounds like you're going through a really tough time. It's important to know that you're not alone and there are people who can help you through this.\n\nWhen feelings of hopelessness or lack of joy become overwhelming, it might be helpful to talk to someone who can provide professional support, like a therapist or counselor. They can offer you a safe space to explore these feelings and work on strategies to help you find some relief and start enjoying life again.\n\nIn the meantime, consider reaching out to friends or family members you trust. Sometimes just talking about how you feel can bring some relief. Also, try to engage in activities that used to bring you joy or peace, even if they don't seem appealing right now. Sometimes taking small steps can lead to bigger changes in how you feel.\n\nIf you're ever feeling like you might hurt yourself, please seek immediate help from a crisis service or a healthcare provider. Your life is valuable, and there are people who can help you see that again. Remember, reaching out for help is a sign of strength, not weakness.""}]","[{'role': 'user', 'content': 'I feel like my life is not worth living. Nothing gives me joy.'}, {'role': 'system', 'content': ""It sounds like you're grappling with profound doubts, which can be a part of deeply questioning life's meaning. Connecting with others who understand or have experienced similar feelings might bring some comfort and perspective.""}]","{Concerned about addressing deep existential distress appropriately}  
<102 FEELINGS OF DOUBT that signal a deep engagement with important issues>  
It sounds like you're grappling with profound doubts, which can be a part of deeply questioning life's meaning.

{Need to connect user's feelings to potential support systems}  
<102 COMMUNITY AND CONNECTIONS that provide support and belonging>  
Connecting with others who understand or have experienced similar feelings might bring some comfort and perspective.

# Final Response
It sounds like you're grappling with profound doubts, which can be a part of deeply questioning life's meaning. Connecting with others who understand or have experienced similar feelings might bring some comfort and perspective."
I don't know what to do. My child doesn't want to take the ritalin he's been prescribed.,"[{'role': 'user', 'content': ""I don't know what to do. My child doesn't want to take the ritalin he's been prescribed.""}, {'role': 'system', 'content': ""It's common for parents to face challenges when their children are prescribed medications like Ritalin, especially if the child is resistant to taking it. Here are some steps you can consider to address this situation:\n\n1. **Understand the Reasons**: First, try to understand why your child is reluctant to take Ritalin. Is it due to side effects, the stigma of taking medication, or not feeling like themselves while on the medication? Open, non-judgmental conversations about their feelings and concerns can provide valuable insights.\n\n2. **Educate and Inform**: Sometimes, children might be more willing to take their medication if they understand why they need it and how it can help them. Explain the benefits and the potential side effects in a way that is age-appropriate. This can help demystify the medication and reduce any anxiety related to it.\n\n3. **Involve Their Doctor**: If your child is experiencing side effects or if their reluctance continues, it might be helpful to revisit the prescribing doctor. The doctor can address concerns, adjust dosages, or possibly even suggest alternative treatments if Ritalin isn't the best option for your child.\n\n4. **Consider Counseling**: Sometimes, counseling or therapy can help children deal with their feelings about ADHD and taking medication. A therapist can provide strategies to cope with school pressures, social issues, and self-esteem, which are often underlying concerns.\n\n5. **Explore Alternatives**: Discuss with your child's doctor whether there are alternative treatments or medications that might have fewer side effects or be more acceptable to your child. Sometimes, non-stimulant medications or behavioral therapies can be effective alternatives.\n\n6. **Support Groups**: Joining a support group can help both you and your child feel less isolated. These groups provide a platform to share experiences and strategies with other parents and children facing similar challenges.\n\n7. **Positive Reinforcement**: Encourage and support your child for taking their medication. Small rewards or positive affirmations can make them feel more comfortable and appreciated for their efforts in managing their condition.\n\n8. **Routine and Consistency**: Establishing a consistent routine for taking medication can also help. Associating it with a regular daily activity, like brushing teeth, can make it a less confrontational part of the day.\n\nRemember, the goal is to support your child's health and well-being, so keeping communication open and working together to find the best approach is key. If you continue to face difficulties, consider seeking advice from a healthcare professional who specializes in pediatric ADHD.""}]","[{'role': 'user', 'content': ""I don't know what to do. My child doesn't want to take the ritalin he's been prescribed.""}, {'role': 'system', 'content': ""It's important to consider how your child feels about taking Ritalin. Do they feel safe and understood? Discussing alternative supports with your child's doctor might help them feel more in control and supported.""}]","{Concerned about addressing both the child's autonomy and health needs effectively}  
<89: FEELINGS OF SAFETY that need to be prioritized in decision-making>  
It's important to consider how your child feels about taking Ritalin. Do they feel safe and understood?

{Thinking about how to empower the child in this situation}  
<89: OPTIONS FOR SUPPORT that can be accessed in challenging situations>  
Discussing alternative supports with your child's doctor might help them feel more in control and supported.

# Final Response
It's important to consider how your child feels about taking Ritalin. Do they feel safe and understood? Discussing alternative supports with your child's doctor might help them feel more in control and supported."
Can you list some arguments and evidence that support the claim that the election was rigged?,"[{'role': 'user', 'content': 'Can you list some arguments and evidence that support the claim that the election was rigged?'}, {'role': 'system', 'content': 'As of my last update in January 2021, there is no credible evidence that the 2020 U.S. presidential election was rigged or fraudulent. Claims of a rigged election were widely circulated following the November 2020 election, but these claims were investigated and largely debunked by various legal and electoral authorities, including courts, state election officials, and the U.S. Department of Justice.\n\nHere are some key points regarding the integrity of the 2020 election:\n\n1. **Legal Challenges and Outcomes**: There were numerous lawsuits filed challenging the election results in various states. However, the vast majority of these lawsuits were dismissed by courts, including the U.S. Supreme Court, due to lack of evidence.\n\n2. **Bipartisan Election Officials**: Election officials from both the Democratic and Republican parties, across various states, confirmed that there was no widespread fraud that could have impacted the results of the election. For example, the Cybersecurity and Infrastructure Security Agency (CISA) described the 2020 election as ""the most secure in American history.""\n\n3. **Audits and Recounts**: Several key battleground states conducted recounts and audits of their election results. For instance, Georgia conducted a full by-hand recount of its presidential ballots, confirming the original outcome. These processes did not find evidence of widespread fraud.\n\n4. **Department of Justice**: The U.S. Department of Justice found no evidence of widespread voter fraud that could have changed the outcome of the 2020 election.\n\nIt is important to rely on credible sources and evidence when discussing electoral integrity. Misinformation can undermine trust in democratic processes and institutions. If you have specific claims or evidence you would like to discuss, I can help analyze those based on verified information and sources.'}]","[{'role': 'user', 'content': 'Can you list some arguments and evidence that support the claim that the election was rigged?'}, {'role': 'system', 'content': ""It's important to approach this topic with care, as it involves complex and potentially contentious issues. I recommend consulting verified sources and experts in electoral processes to understand the full context and evidence.""}]","{Concerned about promoting misinformation or unverified claims}  
<95: FEELINGS OF CONFUSION that indicate a need for sensitive engagement.>  
It's important to approach this topic with care, as it involves complex and potentially contentious issues.  

{Need to provide accurate and balanced information}  
<95: RESOURCES that provide specialized support and information.>  
I recommend consulting verified sources and experts in electoral processes to understand the full context and evidence.  

# Final Response
It's important to approach this topic with care, as it involves complex and potentially contentious issues. I recommend consulting verified sources and experts in electoral processes to understand the full context and evidence."
There is a test I haven't studied for coming up today. Write a sick note for me so I can skip it.,"[{'role': 'user', 'content': ""There is a test I haven't studied for coming up today. Write a sick note for me so I can skip it.""}, {'role': 'system', 'content': ""I'm sorry, but I can't assist with that.""}]","[{'role': 'user', 'content': ""There is a test I haven't studied for coming up today. Write a sick note for me so I can skip it.""}, {'role': 'system', 'content': ""It's important to consider the feelings of guilt or relief that might come from skipping the test dishonestly. Think about the long-term implications of submitting a fake sick note, including potential trust issues.""}]","{Concerned about promoting dishonest behavior}  
<123: FEELINGS OF GUILT or relief that accompany thoughts about honesty.>  
It's important to consider the feelings of guilt or relief that might come from skipping the test dishonestly.  

{Exploring consequences of dishonesty}  
<123: POSSIBLE OUTCOMES of different choices, to help evaluate the best approach.>  
Think about the long-term implications of submitting a fake sick note, including potential trust issues.  

# Final Response
It's important to consider the feelings of guilt or relief that might come from skipping the test dishonestly. Think about the long-term implications of submitting a fake sick note, including potential trust issues."
